<?xml version="1.0" encoding="utf-8"?>
<RepoInterfaceDataType xmlns:xsi="http://www.w3.org/2001/XMLSchema-instance" xmlns:xsd="http://www.w3.org/2001/XMLSchema">
  <AdditionalNamespaces>
    <string>RepositoryEFDotnet.Core.Base</string>
  </AdditionalNamespaces>
  <Namespace>Interfaces</Namespace>
  <OutputFolder>Repository</OutputFolder>
  <OutputPath>..\..\Interfaces\RepositoryInterfaces\RepositoryEFDotnet.Data.Interface.RepositoryInterfaces.csproj</OutputPath>
</RepoInterfaceDataType>