<?xml version="1.0" encoding="utf-8"?>
<ApplicationServiceDataType xmlns:xsi="http://www.w3.org/2001/XMLSchema-instance" xmlns:xsd="http://www.w3.org/2001/XMLSchema">
  <AdditionalNamespaces />
  <ApplicationServiceData>
    <ApplicationServiceData>
      <ApplicationServiceName>New</ApplicationServiceName>
      <Id>b94df9f7-89a9-4e52-a141-9b431da747f2</Id>
      <InheritFrom />
      <InheritFromInterface />
      <Models>
        <Table Description="" SchemaName="dbo" TableName="BankAccount" EnabledForCodeGeneration="true">
          <Columns>
            <Column ColumnName="BankAccountId" ColumnOrder="1" DataType="Int32" GridColumnWidth="80" IsPrimaryKey="true" IsRequired="true" Length="0" Precision="10" RenderToEntity="true" RenderToView="true" RenderToViewOrder="0" Scale="0" IsIdentity="true" IdentitySeed="1" IdentityIncrement="1">
              <RemapDataType xsi:nil="true" />
            </Column>
            <Column ColumnName="BankAccountNumber" ColumnOrder="2" DataType="String" GridColumnWidth="80" IsPrimaryKey="false" IsRequired="true" Length="10" Precision="0" RenderToEntity="true" RenderToView="true" RenderToViewOrder="0" Scale="0" IsIdentity="false" IdentitySeed="0" IdentityIncrement="0">
              <RemapDataType xsi:nil="true" />
            </Column>
            <Column ColumnName="Balance" ColumnOrder="3" DataType="Decimal" GridColumnWidth="80" IsPrimaryKey="false" IsRequired="true" Length="0" Precision="19" RenderToEntity="true" RenderToView="true" RenderToViewOrder="0" Scale="4" IsIdentity="false" IdentitySeed="0" IdentityIncrement="0">
              <RemapDataType xsi:nil="true" />
            </Column>
            <Column ColumnName="CustomerId" ColumnOrder="4" DataType="Int32" GridColumnWidth="80" IsPrimaryKey="false" IsRequired="false" Length="0" Precision="10" RenderToEntity="true" RenderToView="true" RenderToViewOrder="0" Scale="0" IsIdentity="false" IdentitySeed="0" IdentityIncrement="0">
              <RemapDataType xsi:nil="true" />
            </Column>
            <Column ColumnName="Locked" ColumnOrder="5" DataType="Boolean" GridColumnWidth="80" IsPrimaryKey="false" IsRequired="true" Length="0" Precision="0" RenderToEntity="true" RenderToView="true" RenderToViewOrder="0" Scale="0" IsIdentity="false" IdentitySeed="0" IdentityIncrement="0">
              <RemapDataType xsi:nil="true" />
            </Column>
          </Columns>
          <DatabaseGeneratedKeyType>None</DatabaseGeneratedKeyType>
          <RelationShips />
          <Indexes />
        </Table>
        <Table Description="" SchemaName="dbo" TableName="BankTransfers" EnabledForCodeGeneration="true">
          <Columns>
            <Column ColumnName="BankTransferId" ColumnOrder="1" DataType="Int32" GridColumnWidth="80" IsPrimaryKey="true" IsRequired="true" Length="0" Precision="10" RenderToEntity="true" RenderToView="true" RenderToViewOrder="0" Scale="0" IsIdentity="true" IdentitySeed="1" IdentityIncrement="1">
              <RemapDataType xsi:nil="true" />
            </Column>
            <Column ColumnName="FromBankAccountId" ColumnOrder="2" DataType="Int32" GridColumnWidth="80" IsPrimaryKey="false" IsRequired="true" Length="0" Precision="10" RenderToEntity="true" RenderToView="true" RenderToViewOrder="0" Scale="0" IsIdentity="false" IdentitySeed="0" IdentityIncrement="0">
              <RemapDataType xsi:nil="true" />
            </Column>
            <Column ColumnName="ToBankAccountId" ColumnOrder="3" DataType="Int32" GridColumnWidth="80" IsPrimaryKey="false" IsRequired="true" Length="0" Precision="10" RenderToEntity="true" RenderToView="true" RenderToViewOrder="0" Scale="0" IsIdentity="false" IdentitySeed="0" IdentityIncrement="0">
              <RemapDataType xsi:nil="true" />
            </Column>
            <Column ColumnName="Amount" ColumnOrder="4" DataType="Decimal" GridColumnWidth="80" IsPrimaryKey="false" IsRequired="true" Length="0" Precision="18" RenderToEntity="true" RenderToView="true" RenderToViewOrder="0" Scale="2" IsIdentity="false" IdentitySeed="0" IdentityIncrement="0">
              <RemapDataType xsi:nil="true" />
            </Column>
            <Column ColumnName="TransferDate" ColumnOrder="5" DataType="DateTime" GridColumnWidth="80" IsPrimaryKey="false" IsRequired="true" Length="0" Precision="0" RenderToEntity="true" RenderToView="true" RenderToViewOrder="0" Scale="0" IsIdentity="false" IdentitySeed="0" IdentityIncrement="0">
              <RemapDataType xsi:nil="true" />
            </Column>
          </Columns>
          <DatabaseGeneratedKeyType>None</DatabaseGeneratedKeyType>
          <RelationShips />
          <Indexes />
        </Table>
        <Table Description="" SchemaName="dbo" TableName="Book" EnabledForCodeGeneration="true">
          <Columns>
            <Column ColumnName="ProductId" ColumnOrder="1" DataType="Int32" GridColumnWidth="80" IsPrimaryKey="true" IsRequired="true" Length="0" Precision="10" RenderToEntity="true" RenderToView="true" RenderToViewOrder="0" Scale="0" IsIdentity="false" IdentitySeed="0" IdentityIncrement="0">
              <RemapDataType xsi:nil="true" />
            </Column>
            <Column ColumnName="Publisher" ColumnOrder="2" DataType="String" GridColumnWidth="80" IsPrimaryKey="false" IsRequired="true" Length="200" Precision="0" RenderToEntity="true" RenderToView="true" RenderToViewOrder="0" Scale="0" IsIdentity="false" IdentitySeed="0" IdentityIncrement="0">
              <RemapDataType xsi:nil="true" />
            </Column>
          </Columns>
          <DatabaseGeneratedKeyType>None</DatabaseGeneratedKeyType>
          <RelationShips />
          <Indexes />
        </Table>
        <Table Description="" SchemaName="dbo" TableName="Country" EnabledForCodeGeneration="true">
          <Columns>
            <Column ColumnName="CountryId" ColumnOrder="1" DataType="Int32" GridColumnWidth="80" IsPrimaryKey="true" IsRequired="true" Length="0" Precision="10" RenderToEntity="true" RenderToView="true" RenderToViewOrder="0" Scale="0" IsIdentity="true" IdentitySeed="1" IdentityIncrement="1">
              <RemapDataType xsi:nil="true" />
            </Column>
            <Column ColumnName="CountryName" ColumnOrder="2" DataType="String" GridColumnWidth="80" IsPrimaryKey="false" IsRequired="false" Length="100" Precision="0" RenderToEntity="true" RenderToView="true" RenderToViewOrder="0" Scale="0" IsIdentity="false" IdentitySeed="0" IdentityIncrement="0">
              <RemapDataType xsi:nil="true" />
            </Column>
          </Columns>
          <DatabaseGeneratedKeyType>None</DatabaseGeneratedKeyType>
          <RelationShips />
          <Indexes />
        </Table>
        <Table Description="" SchemaName="dbo" TableName="Customer" EnabledForCodeGeneration="true">
          <Columns>
            <Column ColumnName="CustomerId" ColumnOrder="1" DataType="Int32" GridColumnWidth="80" IsPrimaryKey="true" IsRequired="true" Length="0" Precision="10" RenderToEntity="true" RenderToView="true" RenderToViewOrder="0" Scale="0" IsIdentity="true" IdentitySeed="1" IdentityIncrement="1">
              <RemapDataType xsi:nil="true" />
            </Column>
            <Column ColumnName="CustomerCode" ColumnOrder="2" DataType="String" GridColumnWidth="80" IsPrimaryKey="false" IsRequired="true" Length="5" Precision="0" RenderToEntity="true" RenderToView="true" RenderToViewOrder="0" Scale="0" IsIdentity="false" IdentitySeed="0" IdentityIncrement="0">
              <RemapDataType xsi:nil="true" />
            </Column>
            <Column ColumnName="CompanyName" ColumnOrder="3" DataType="String" GridColumnWidth="80" IsPrimaryKey="false" IsRequired="true" Length="50" Precision="0" RenderToEntity="true" RenderToView="true" RenderToViewOrder="0" Scale="0" IsIdentity="false" IdentitySeed="0" IdentityIncrement="0">
              <RemapDataType xsi:nil="true" />
            </Column>
            <Column ColumnName="ContactName" ColumnOrder="4" DataType="String" GridColumnWidth="80" IsPrimaryKey="false" IsRequired="false" Length="50" Precision="0" RenderToEntity="true" RenderToView="true" RenderToViewOrder="0" Scale="0" IsIdentity="false" IdentitySeed="0" IdentityIncrement="0">
              <RemapDataType xsi:nil="true" />
            </Column>
            <Column ColumnName="ContactTitle" ColumnOrder="5" DataType="String" GridColumnWidth="80" IsPrimaryKey="false" IsRequired="false" Length="50" Precision="0" RenderToEntity="true" RenderToView="true" RenderToViewOrder="0" Scale="0" IsIdentity="false" IdentitySeed="0" IdentityIncrement="0">
              <RemapDataType xsi:nil="true" />
            </Column>
            <Column ColumnName="Address" ColumnOrder="6" DataType="String" GridColumnWidth="80" IsPrimaryKey="false" IsRequired="false" Length="50" Precision="0" RenderToEntity="true" RenderToView="true" RenderToViewOrder="0" Scale="0" IsIdentity="false" IdentitySeed="0" IdentityIncrement="0">
              <RemapDataType xsi:nil="true" />
            </Column>
            <Column ColumnName="City" ColumnOrder="7" DataType="String" GridColumnWidth="80" IsPrimaryKey="false" IsRequired="false" Length="20" Precision="0" RenderToEntity="true" RenderToView="true" RenderToViewOrder="0" Scale="0" IsIdentity="false" IdentitySeed="0" IdentityIncrement="0">
              <RemapDataType xsi:nil="true" />
            </Column>
            <Column ColumnName="PostalCode" ColumnOrder="8" DataType="String" GridColumnWidth="80" IsPrimaryKey="false" IsRequired="false" Length="10" Precision="0" RenderToEntity="true" RenderToView="true" RenderToViewOrder="0" Scale="0" IsIdentity="false" IdentitySeed="0" IdentityIncrement="0">
              <RemapDataType xsi:nil="true" />
            </Column>
            <Column ColumnName="Telephone" ColumnOrder="9" DataType="String" GridColumnWidth="80" IsPrimaryKey="false" IsRequired="false" Length="50" Precision="0" RenderToEntity="true" RenderToView="true" RenderToViewOrder="0" Scale="0" IsIdentity="false" IdentitySeed="0" IdentityIncrement="0">
              <RemapDataType xsi:nil="true" />
            </Column>
            <Column ColumnName="Fax" ColumnOrder="10" DataType="String" GridColumnWidth="80" IsPrimaryKey="false" IsRequired="false" Length="50" Precision="0" RenderToEntity="true" RenderToView="true" RenderToViewOrder="0" Scale="0" IsIdentity="false" IdentitySeed="0" IdentityIncrement="0">
              <RemapDataType xsi:nil="true" />
            </Column>
            <Column ColumnName="CountryId" ColumnOrder="11" DataType="Int32" GridColumnWidth="80" IsPrimaryKey="false" IsRequired="false" Length="0" Precision="10" RenderToEntity="true" RenderToView="true" RenderToViewOrder="0" Scale="0" IsIdentity="false" IdentitySeed="0" IdentityIncrement="0">
              <RemapDataType xsi:nil="true" />
            </Column>
            <Column ColumnName="Photo" ColumnOrder="12" DataType="String" GridColumnWidth="80" IsPrimaryKey="false" IsRequired="false" Length="-1" Precision="0" RenderToEntity="true" RenderToView="true" RenderToViewOrder="0" Scale="0" IsIdentity="false" IdentitySeed="0" IdentityIncrement="0">
              <RemapDataType xsi:nil="true" />
            </Column>
            <Column ColumnName="IsEnabled" ColumnOrder="13" DataType="Boolean" GridColumnWidth="80" IsPrimaryKey="false" IsRequired="true" Length="0" Precision="0" RenderToEntity="true" RenderToView="true" RenderToViewOrder="0" Scale="0" IsIdentity="false" IdentitySeed="0" IdentityIncrement="0">
              <RemapDataType xsi:nil="true" />
            </Column>
          </Columns>
          <DatabaseGeneratedKeyType>None</DatabaseGeneratedKeyType>
          <RelationShips />
          <Indexes />
        </Table>
        <Table Description="" SchemaName="dbo" TableName="Order" EnabledForCodeGeneration="true">
          <Columns>
            <Column ColumnName="OrderId" ColumnOrder="1" DataType="Int32" GridColumnWidth="80" IsPrimaryKey="true" IsRequired="true" Length="0" Precision="10" RenderToEntity="true" RenderToView="true" RenderToViewOrder="0" Scale="0" IsIdentity="true" IdentitySeed="1" IdentityIncrement="1">
              <RemapDataType xsi:nil="true" />
            </Column>
            <Column ColumnName="CustomerId" ColumnOrder="2" DataType="Int32" GridColumnWidth="80" IsPrimaryKey="false" IsRequired="false" Length="0" Precision="10" RenderToEntity="true" RenderToView="true" RenderToViewOrder="0" Scale="0" IsIdentity="false" IdentitySeed="0" IdentityIncrement="0">
              <RemapDataType xsi:nil="true" />
            </Column>
            <Column ColumnName="OrderDate" ColumnOrder="3" DataType="DateTime" GridColumnWidth="80" IsPrimaryKey="false" IsRequired="false" Length="0" Precision="0" RenderToEntity="true" RenderToView="true" RenderToViewOrder="0" Scale="0" IsIdentity="false" IdentitySeed="0" IdentityIncrement="0">
              <RemapDataType xsi:nil="true" />
            </Column>
            <Column ColumnName="DeliveryDate" ColumnOrder="4" DataType="DateTime" GridColumnWidth="80" IsPrimaryKey="false" IsRequired="false" Length="0" Precision="0" RenderToEntity="true" RenderToView="true" RenderToViewOrder="0" Scale="0" IsIdentity="false" IdentitySeed="0" IdentityIncrement="0">
              <RemapDataType xsi:nil="true" />
            </Column>
            <Column ColumnName="ShippingName" ColumnOrder="5" DataType="String" GridColumnWidth="80" IsPrimaryKey="false" IsRequired="false" Length="50" Precision="0" RenderToEntity="true" RenderToView="true" RenderToViewOrder="0" Scale="0" IsIdentity="false" IdentitySeed="0" IdentityIncrement="0">
              <RemapDataType xsi:nil="true" />
            </Column>
            <Column ColumnName="ShippingAddress" ColumnOrder="6" DataType="String" GridColumnWidth="80" IsPrimaryKey="false" IsRequired="false" Length="50" Precision="0" RenderToEntity="true" RenderToView="true" RenderToViewOrder="0" Scale="0" IsIdentity="false" IdentitySeed="0" IdentityIncrement="0">
              <RemapDataType xsi:nil="true" />
            </Column>
            <Column ColumnName="ShippingCity" ColumnOrder="7" DataType="String" GridColumnWidth="80" IsPrimaryKey="false" IsRequired="false" Length="50" Precision="0" RenderToEntity="true" RenderToView="true" RenderToViewOrder="0" Scale="0" IsIdentity="false" IdentitySeed="0" IdentityIncrement="0">
              <RemapDataType xsi:nil="true" />
            </Column>
            <Column ColumnName="ShippingZip" ColumnOrder="8" DataType="String" GridColumnWidth="80" IsPrimaryKey="false" IsRequired="false" Length="50" Precision="0" RenderToEntity="true" RenderToView="true" RenderToViewOrder="0" Scale="0" IsIdentity="false" IdentitySeed="0" IdentityIncrement="0">
              <RemapDataType xsi:nil="true" />
            </Column>
          </Columns>
          <DatabaseGeneratedKeyType>None</DatabaseGeneratedKeyType>
          <RelationShips />
          <Indexes />
        </Table>
        <Table Description="" SchemaName="dbo" TableName="OrderDetails" EnabledForCodeGeneration="true">
          <Columns>
            <Column ColumnName="OrderDetailsId" ColumnOrder="1" DataType="Int32" GridColumnWidth="80" IsPrimaryKey="true" IsRequired="true" Length="0" Precision="10" RenderToEntity="true" RenderToView="true" RenderToViewOrder="0" Scale="0" IsIdentity="true" IdentitySeed="1" IdentityIncrement="1">
              <RemapDataType xsi:nil="true" />
            </Column>
            <Column ColumnName="OrderId" ColumnOrder="2" DataType="Int32" GridColumnWidth="80" IsPrimaryKey="false" IsRequired="true" Length="0" Precision="10" RenderToEntity="true" RenderToView="true" RenderToViewOrder="0" Scale="0" IsIdentity="false" IdentitySeed="0" IdentityIncrement="0">
              <RemapDataType xsi:nil="true" />
            </Column>
            <Column ColumnName="ProductId" ColumnOrder="3" DataType="Int32" GridColumnWidth="80" IsPrimaryKey="false" IsRequired="true" Length="0" Precision="10" RenderToEntity="true" RenderToView="true" RenderToViewOrder="0" Scale="0" IsIdentity="false" IdentitySeed="0" IdentityIncrement="0">
              <RemapDataType xsi:nil="true" />
            </Column>
            <Column ColumnName="UnitPrice" ColumnOrder="4" DataType="Decimal" GridColumnWidth="80" IsPrimaryKey="false" IsRequired="false" Length="0" Precision="19" RenderToEntity="true" RenderToView="true" RenderToViewOrder="0" Scale="4" IsIdentity="false" IdentitySeed="0" IdentityIncrement="0">
              <RemapDataType xsi:nil="true" />
            </Column>
            <Column ColumnName="Amount" ColumnOrder="5" DataType="Int16" GridColumnWidth="80" IsPrimaryKey="false" IsRequired="false" Length="0" Precision="5" RenderToEntity="true" RenderToView="true" RenderToViewOrder="0" Scale="0" IsIdentity="false" IdentitySeed="0" IdentityIncrement="0">
              <RemapDataType xsi:nil="true" />
            </Column>
            <Column ColumnName="Discount" ColumnOrder="6" DataType="Single" GridColumnWidth="80" IsPrimaryKey="false" IsRequired="false" Length="0" Precision="24" RenderToEntity="true" RenderToView="true" RenderToViewOrder="0" Scale="0" IsIdentity="false" IdentitySeed="0" IdentityIncrement="0">
              <RemapDataType xsi:nil="true" />
            </Column>
          </Columns>
          <DatabaseGeneratedKeyType>None</DatabaseGeneratedKeyType>
          <RelationShips />
          <Indexes />
        </Table>
        <Table Description="" SchemaName="dbo" TableName="Product" EnabledForCodeGeneration="true">
          <Columns>
            <Column ColumnName="ProductId" ColumnOrder="1" DataType="Int32" GridColumnWidth="80" IsPrimaryKey="true" IsRequired="true" Length="0" Precision="10" RenderToEntity="true" RenderToView="true" RenderToViewOrder="0" Scale="0" IsIdentity="true" IdentitySeed="1" IdentityIncrement="1">
              <RemapDataType xsi:nil="true" />
            </Column>
            <Column ColumnName="ProductDescription" ColumnOrder="2" DataType="String" GridColumnWidth="80" IsPrimaryKey="false" IsRequired="false" Length="100" Precision="0" RenderToEntity="true" RenderToView="true" RenderToViewOrder="0" Scale="0" IsIdentity="false" IdentitySeed="0" IdentityIncrement="0">
              <RemapDataType xsi:nil="true" />
            </Column>
            <Column ColumnName="UnitPrice" ColumnOrder="3" DataType="Decimal" GridColumnWidth="80" IsPrimaryKey="false" IsRequired="false" Length="0" Precision="19" RenderToEntity="true" RenderToView="true" RenderToViewOrder="0" Scale="4" IsIdentity="false" IdentitySeed="0" IdentityIncrement="0">
              <RemapDataType xsi:nil="true" />
            </Column>
            <Column ColumnName="UnitAmount" ColumnOrder="4" DataType="String" GridColumnWidth="80" IsPrimaryKey="false" IsRequired="false" Length="50" Precision="0" RenderToEntity="true" RenderToView="true" RenderToViewOrder="0" Scale="0" IsIdentity="false" IdentitySeed="0" IdentityIncrement="0">
              <RemapDataType xsi:nil="true" />
            </Column>
            <Column ColumnName="Publisher" ColumnOrder="5" DataType="String" GridColumnWidth="80" IsPrimaryKey="false" IsRequired="false" Length="200" Precision="0" RenderToEntity="true" RenderToView="true" RenderToViewOrder="0" Scale="0" IsIdentity="false" IdentitySeed="0" IdentityIncrement="0">
              <RemapDataType xsi:nil="true" />
            </Column>
            <Column ColumnName="AmountInStock" ColumnOrder="6" DataType="Int16" GridColumnWidth="80" IsPrimaryKey="false" IsRequired="false" Length="0" Precision="5" RenderToEntity="true" RenderToView="true" RenderToViewOrder="0" Scale="0" IsIdentity="false" IdentitySeed="0" IdentityIncrement="0">
              <RemapDataType xsi:nil="true" />
            </Column>
          </Columns>
          <DatabaseGeneratedKeyType>None</DatabaseGeneratedKeyType>
          <RelationShips />
          <Indexes />
        </Table>
        <Table Description="" SchemaName="dbo" TableName="Software" EnabledForCodeGeneration="true">
          <Columns>
            <Column ColumnName="ProductId" ColumnOrder="1" DataType="Int32" GridColumnWidth="80" IsPrimaryKey="true" IsRequired="true" Length="0" Precision="10" RenderToEntity="true" RenderToView="true" RenderToViewOrder="0" Scale="0" IsIdentity="false" IdentitySeed="0" IdentityIncrement="0">
              <RemapDataType xsi:nil="true" />
            </Column>
            <Column ColumnName="LicenseCode" ColumnOrder="2" DataType="String" GridColumnWidth="80" IsPrimaryKey="false" IsRequired="true" Length="200" Precision="0" RenderToEntity="true" RenderToView="true" RenderToViewOrder="0" Scale="0" IsIdentity="false" IdentitySeed="0" IdentityIncrement="0">
              <RemapDataType xsi:nil="true" />
            </Column>
          </Columns>
          <DatabaseGeneratedKeyType>None</DatabaseGeneratedKeyType>
          <RelationShips />
          <Indexes />
        </Table>
      </Models>
      <Namespace>ApplicationService</Namespace>
      <NamespaceInterface>ApplicationService</NamespaceInterface>
      <OutputFolder>ApplicationService</OutputFolder>
      <OutputFolderInterface>ApplicationService</OutputFolderInterface>
      <OutputPath>..\..\ApplicationServices\ApplicationService\RepositoryEFDotnet.Data.ApplicationServices.ApplicationService.csproj</OutputPath>
      <OutputPathInterface>..\..\Interfaces\ApplicationService\RepositoryEFDotnet.Data.Interface.ApplicationService.csproj</OutputPathInterface>
    </ApplicationServiceData>
  </ApplicationServiceData>
  <MissingTables />
  <AdditionalNamespacesInterfaces />
</ApplicationServiceDataType>