<?xml version="1.0" encoding="utf-8"?>
<ContextDataType xmlns:xsi="http://www.w3.org/2001/XMLSchema-instance" xmlns:xsd="http://www.w3.org/2001/XMLSchema">
  <AdditionalNamespaces>
    <string>RepositoryEFDotnet.Contexts.{DriverType}.Base.Context</string>
    <string>RepositoryEFDotnet.Core.Base</string>
  </AdditionalNamespaces>
  <Contexts>
    <ContextData>
      <ContextName>FullContext</ContextName>
      <CustomConnectionName>RepoTest</CustomConnectionName>
      <Id>7d5d7239-42e3-4c2d-a0b9-abc8b00ff3cc</Id>
      <InheritFrom>BaseContext</InheritFrom>
      <Models>
        <Table Description="" SchemaName="dbo" TableName="BankAccount" EnabledForCodeGeneration="true">
          <Columns />
          <DatabaseGeneratedKeyType>None</DatabaseGeneratedKeyType>
          <RelationShips />
          <Indexes />
        </Table>
        <Table Description="" SchemaName="dbo" TableName="BankTransfers" EnabledForCodeGeneration="true">
          <Columns />
          <DatabaseGeneratedKeyType>None</DatabaseGeneratedKeyType>
          <RelationShips />
          <Indexes />
        </Table>
        <Table Description="" SchemaName="dbo" TableName="Book" EnabledForCodeGeneration="true">
          <Columns />
          <DatabaseGeneratedKeyType>None</DatabaseGeneratedKeyType>
          <RelationShips />
          <Indexes />
        </Table>
        <Table Description="" SchemaName="dbo" TableName="Country" EnabledForCodeGeneration="true">
          <Columns />
          <DatabaseGeneratedKeyType>None</DatabaseGeneratedKeyType>
          <RelationShips />
          <Indexes />
        </Table>
        <Table Description="" SchemaName="dbo" TableName="Customer" EnabledForCodeGeneration="true">
          <Columns />
          <DatabaseGeneratedKeyType>None</DatabaseGeneratedKeyType>
          <RelationShips />
          <Indexes />
        </Table>
        <Table Description="" SchemaName="dbo" TableName="Order" EnabledForCodeGeneration="true">
          <Columns />
          <DatabaseGeneratedKeyType>None</DatabaseGeneratedKeyType>
          <RelationShips />
          <Indexes />
        </Table>
        <Table Description="" SchemaName="dbo" TableName="OrderDetails" EnabledForCodeGeneration="true">
          <Columns />
          <DatabaseGeneratedKeyType>None</DatabaseGeneratedKeyType>
          <RelationShips />
          <Indexes />
        </Table>
        <Table Description="" SchemaName="dbo" TableName="Product" EnabledForCodeGeneration="true">
          <Columns />
          <DatabaseGeneratedKeyType>None</DatabaseGeneratedKeyType>
          <RelationShips />
          <Indexes />
        </Table>
        <Table Description="" SchemaName="dbo" TableName="Software" EnabledForCodeGeneration="true">
          <Columns />
          <DatabaseGeneratedKeyType>None</DatabaseGeneratedKeyType>
          <RelationShips />
          <Indexes />
        </Table>
      </Models>
      <Namespace>Context</Namespace>
      <OutputFolder>Context</OutputFolder>
      <OutputPath>..\..\Contexts\{0}\{1}\RepositoryEFDotnet.Contexts.{0}.{1}.csproj</OutputPath>
      <IsDefault>true</IsDefault>
    </ContextData>
    <ContextData>
      <ContextName>AccountContext</ContextName>
      <CustomConnectionName>RepoTest</CustomConnectionName>
      <Id>9a84c809-6a36-4495-a611-f856787c0649</Id>
      <InheritFrom>BaseContext</InheritFrom>
      <Models>
        <Table Description="" SchemaName="dbo" TableName="BankAccount" EnabledForCodeGeneration="true">
          <Columns />
          <DatabaseGeneratedKeyType>None</DatabaseGeneratedKeyType>
          <RelationShips />
          <Indexes />
        </Table>
        <Table Description="" SchemaName="dbo" TableName="BankTransfers" EnabledForCodeGeneration="true">
          <Columns />
          <DatabaseGeneratedKeyType>None</DatabaseGeneratedKeyType>
          <RelationShips />
          <Indexes />
        </Table>
      </Models>
      <Namespace>Accounts</Namespace>
      <OutputFolder>Context</OutputFolder>
      <OutputPath>..\..\Contexts\{0}\{1}\RepositoryEFDotnet.Contexts.{0}.{1}.csproj</OutputPath>
      <IsDefault>false</IsDefault>
    </ContextData>
    <ContextData>
      <ContextName>CustomerContext</ContextName>
      <CustomConnectionName>RepoTest</CustomConnectionName>
      <Id>53110a66-f0d6-4cd7-8c7d-1c27b873b0be</Id>
      <InheritFrom>BaseContext</InheritFrom>
      <Models>
        <Table Description="" SchemaName="dbo" TableName="Book" EnabledForCodeGeneration="true">
          <Columns />
          <DatabaseGeneratedKeyType>None</DatabaseGeneratedKeyType>
          <RelationShips />
          <Indexes />
        </Table>
        <Table Description="" SchemaName="dbo" TableName="Country" EnabledForCodeGeneration="true">
          <Columns />
          <DatabaseGeneratedKeyType>None</DatabaseGeneratedKeyType>
          <RelationShips />
          <Indexes />
        </Table>
        <Table Description="" SchemaName="dbo" TableName="Customer" EnabledForCodeGeneration="true">
          <Columns />
          <DatabaseGeneratedKeyType>None</DatabaseGeneratedKeyType>
          <RelationShips />
          <Indexes />
        </Table>
        <Table Description="" SchemaName="dbo" TableName="Order" EnabledForCodeGeneration="true">
          <Columns />
          <DatabaseGeneratedKeyType>None</DatabaseGeneratedKeyType>
          <RelationShips />
          <Indexes />
        </Table>
        <Table Description="" SchemaName="dbo" TableName="OrderDetails" EnabledForCodeGeneration="true">
          <Columns />
          <DatabaseGeneratedKeyType>None</DatabaseGeneratedKeyType>
          <RelationShips />
          <Indexes />
        </Table>
        <Table Description="" SchemaName="dbo" TableName="Product" EnabledForCodeGeneration="true">
          <Columns />
          <DatabaseGeneratedKeyType>None</DatabaseGeneratedKeyType>
          <RelationShips />
          <Indexes />
        </Table>
        <Table Description="" SchemaName="dbo" TableName="Software" EnabledForCodeGeneration="true">
          <Columns />
          <DatabaseGeneratedKeyType>None</DatabaseGeneratedKeyType>
          <RelationShips />
          <Indexes />
        </Table>
      </Models>
      <Namespace>Customers</Namespace>
      <OutputFolder>Context</OutputFolder>
      <OutputPath>..\..\Contexts\{0}\{1}\RepositoryEFDotnet.Contexts.{0}.{1}.csproj</OutputPath>
      <IsDefault>false</IsDefault>
    </ContextData>
  </Contexts>
  <MissingTables />
</ContextDataType>