<?xml version="1.0" encoding="utf-8"?>
<DtoDataType xmlns:xsi="http://www.w3.org/2001/XMLSchema-instance" xmlns:xsd="http://www.w3.org/2001/XMLSchema">
  <AdditionalNamespaces />
  <AddInjectConstructor>true</AddInjectConstructor>
  <UseGenerics>false</UseGenerics>
  <InheritFrom />
  <Namespace>Dto</Namespace>
  <OutputFolder>Dto</OutputFolder>
  <OutputPath>..\..\Dtos\Dto\RepositoryEFDotnet.Data.Dtos.Dto.csproj</OutputPath>
  <PostFix>Dto</PostFix>
  <UseInterface>true</UseInterface>
</DtoDataType>