<?xml version="1.0" encoding="utf-8"?>
<EntityDataType xmlns:xsi="http://www.w3.org/2001/XMLSchema-instance" xmlns:xsd="http://www.w3.org/2001/XMLSchema">
  <AdditionalNamespaces />
  <AddInjectConstructor>true</AddInjectConstructor>
  <InheritFrom />
  <Namespace>Entity</Namespace>
  <OutputFolder>Entity</OutputFolder>
  <OutputPath>..\..\Entities\Entity\RepositoryEFDotnet.Data.Entities.Entity.csproj</OutputPath>
  <UseGenerics>false</UseGenerics>
  <UseInterface>true</UseInterface>
</EntityDataType>