<?xml version="1.0" encoding="utf-8"?>
<RepositoryDataType xmlns:xsi="http://www.w3.org/2001/XMLSchema-instance" xmlns:xsd="http://www.w3.org/2001/XMLSchema">
  <AdditionalNamespaces>
    <string>RepositoryEFDotnet.Core.Base</string>
  </AdditionalNamespaces>
  <Enabled>false</Enabled>
  <Namespace>Repository</Namespace>
  <OutputFolder>Repository</OutputFolder>
  <OutputPath>..\..\Repositories\Repository\RepositoryEFDotnet.Data.Repositories.Repository.csproj</OutputPath>
</RepositoryDataType>