<?xml version="1.0" encoding="utf-8"?>
<RepoInterfaceDataType xmlns:xsi="http://www.w3.org/2001/XMLSchema-instance" xmlns:xsd="http://www.w3.org/2001/XMLSchema">
  <AdditionalNamespaces>
    <string>DotNetScaffolder.Domain.Core.Interfaces</string>
  </AdditionalNamespaces>
  <Namespace>Data.Interfaces.RepositoryInterfaces</Namespace>
  <OutputFolder>Repository</OutputFolder>
  <OutputPath>..\..\Interfaces\RepositoryInterfaces\DotNetScaffolder.Domain.Data.Interfaces.RepositoryInterfaces.csproj</OutputPath>
</RepoInterfaceDataType>